읍면동,본번,부번
읍상리,32,14
읍상리,32,16
읍상리,32,19
읍상리,32,20
읍상리,32,30
읍상리,32,32
읍상리,32,35
읍상리,32,36
읍상리,32,37
읍상리,32,38
읍상리,32,41
읍상리,32,42
읍상리,32,43
읍상리,32,44
읍상리,32,57
읍상리,32,59
읍상리,34,4
읍상리,36,7
읍상리,38,2
읍상리,38,5
읍상리,48,2
읍상리,49,2
읍상리,50,2
읍상리,51,1
읍상리,55,1
읍상리,55,2
읍상리,55,3
읍상리,56,
읍상리,59,
읍상리,62,3
읍상리,63,3
읍상리,105,4
읍상리,106,2
읍상리,106,7
읍상리,107,1
읍상리,107,3
읍상리,107,4
읍상리,109,8
읍상리,109,15
읍상리,112,1
읍상리,112,7
읍상리,112,8
읍상리,112,16
읍상리,112,17
읍상리,112,20
읍상리,112,23
읍상리,112,28
읍상리,112,31
읍상리,112,32
읍상리,112,33
읍상리,112,34
읍상리,112,35
읍상리,112,36
읍상리,121,1
읍상리,121,4
읍상리,122,3
읍상리,122,6
읍상리,122,7
읍상리,122,9
읍상리,122,20
읍상리,122,22
읍상리,122,23
읍상리,122,25
읍상리,123,9
읍상리,123,10
읍상리,124,3
읍상리,127,1
읍상리,127,5
읍상리,127,7
읍상리,127,8
읍상리,127,9
읍상리,127,15
읍상리,130,1
읍상리,130,2
읍상리,130,3
읍상리,130,4
읍상리,131,
읍상리,132,1
읍상리,146,4
읍상리,146,6
읍상리,147,
읍상리,147,9
읍상리,148,1
읍상리,195,5
읍상리,195,11
읍상리,195,33
읍상리,210,10
읍상리,224,3
읍상리,225,1
읍상리,225,6
읍상리,269,5
읍상리,269,7
읍상리,269,8
읍상리,270,1
읍상리,270,2
읍상리,270,7
읍상리,270,8
읍상리,270,9
읍상리,274,1
읍상리,274,3
읍상리,274,4
읍상리,274,5
읍상리,275,5
읍상리,275,7
읍상리,275,8
읍상리,276,1
읍상리,276,7
읍상리,276,16
읍상리,276,17
읍상리,277,3
읍상리,277,6
읍상리,277,12
읍상리,278,7
읍상리,278,10
읍상리,278,15
읍상리,278,16
읍상리,278,17
읍상리,278,19
읍상리,280,5
읍상리,280,7
읍상리,284,6
읍상리,284,10
읍상리,285,2
읍상리,286,
읍상리,287,
읍상리,288,6
읍상리,288,18
읍상리,288,20
읍상리,288,29
읍상리,288,30
읍상리,288,32
읍상리,288,33
읍상리,288,37
읍상리,288,41
읍상리,288,43
읍상리,288,48
읍상리,288,52
읍상리,288,53
읍상리,289,4
읍상리,289,8
읍상리,289,10
읍상리,291,6
읍상리,291,9
읍상리,291,14
읍상리,292,5
읍상리,292,8
읍상리,293,4
읍상리,294,5
읍상리,295,1
읍상리,295,14
읍상리,295,16
읍상리,295,20
읍상리,295,22
읍상리,295,24
읍상리,295,25
읍상리,298,14
읍상리,300,3
읍상리,300,5
읍상리,300,6
읍상리,300,7
읍상리,300,9
읍상리,300,10
읍상리,301,6
읍상리,301,11
읍상리,302,1
읍상리,302,7
읍상리,302,8
읍상리,302,12
읍상리,305,3
읍상리,306,1
읍상리,306,5
읍상리,306,7
읍상리,306,14
읍상리,306,15
읍상리,307,1
읍상리,307,7
읍상리,308,3
읍상리,308,4
읍상리,308,5
읍상리,308,6
읍상리,308,7
읍상리,308,11
읍상리,308,14
읍상리,309,
읍상리,310,2
읍상리,310,3
읍상리,310,4
읍상리,310,5
읍상리,311,1
읍상리,312,
읍상리,313,1
읍상리,313,2
읍상리,313,3
읍상리,313,5
읍상리,313,7
읍상리,313,9
읍상리,313,13
읍상리,314,1
읍상리,314,5
읍상리,315,1
읍상리,315,3
읍상리,315,4
읍상리,315,7
읍상리,315,8
읍상리,315,10
읍상리,315,11
읍상리,320,1
읍상리,322,3
읍상리,322,4
읍상리,322,7
읍상리,325,
읍상리,326,2
읍상리,326,4
읍상리,326,6
읍상리,326,7
읍상리,326,8
읍상리,326,9
읍상리,326,10
읍상리,327,2
읍상리,327,4
읍상리,327,5
읍상리,327,6
읍상리,327,7
읍상리,328,3
읍상리,328,4
읍상리,328,5
읍상리,328,13
읍상리,329,
읍상리,332,
읍상리,333,
읍상리,334,
읍상리,336,1
읍상리,337,1
읍상리,337,3
읍상리,338,1
읍상리,343,1
읍상리,345,1
읍상리,347,1
읍상리,347,2
읍상리,348,4
읍상리,348,5
읍상리,348,7
읍상리,348,8
읍상리,350,1
읍상리,350,3
읍상리,352,1
읍상리,352,5
읍상리,352,6
읍상리,367,2
읍상리,367,3
읍상리,367,4
읍상리,367,7
읍상리,367,8
읍상리,368,3
읍상리,371,4
읍상리,371,8
읍상리,372,1
읍상리,373,2
읍상리,373,3
읍상리,373,5
읍상리,374,3
읍상리,374,4
읍상리,376,2
읍상리,376,23
읍상리,376,24
읍상리,376,25
읍상리,376,29
읍상리,377,2
읍상리,377,10
읍상리,382,2
읍상리,382,7
읍상리,383,
읍상리,384,1
읍상리,384,2
읍상리,384,3
읍상리,384,4
읍상리,385,9
읍상리,385,10
읍상리,385,23
읍상리,385,25
읍상리,386,1
읍상리,386,2
읍상리,386,4
읍상리,386,6
읍상리,386,18
읍상리,386,31
읍상리,393,2
읍상리,470,
읍상리,493,
읍상리,514,8
읍상리,515,1
읍상리,515,4
읍상리,515,5
읍상리,515,8
읍상리,515,10
읍상리,515,12
읍상리,517,1
읍상리,517,2
읍상리,517,4
읍상리,519,1
읍상리,519,5
읍상리,519,8
읍상리,519,9
읍상리,519,12
읍상리,539,3
읍상리,540,
읍상리,541,4
읍상리,541,5
읍상리,541,7
읍상리,541,8
읍상리,541,9
읍상리,541,10
읍상리,542,1
읍상리,543,2
읍상리,546,2
읍상리,547,
읍상리,563,1
읍상리,563,2
읍상리,563,3
읍상리,563,6
읍상리,563,7
읍상리,563,8
읍상리,566,1
읍상리,566,2
읍상리,572,19
읍상리,574,2
읍상리,581,2
읍상리,582,2
읍상리,582,6
읍상리,583,2
읍상리,583,3
읍상리,583,5
읍상리,584,1
읍상리,584,4
읍상리,584,5
읍상리,584,6
읍상리,584,7
읍상리,584,8
읍상리,584,9
읍상리,585,2
읍상리,585,3
읍상리,585,7
읍상리,585,8
읍상리,585,10
읍상리,585,11
읍상리,586,3
읍상리,586,5
읍상리,587,1
읍상리,587,2
읍상리,587,3
읍상리,589,
읍상리,592,1
읍상리,592,2
읍상리,592,3
읍상리,592,4
읍상리,592,7
읍상리,597,2
읍상리,598,1
읍상리,598,2
읍상리,598,3
읍상리,598,4
읍상리,598,5
읍상리,598,7
읍상리,598,10
읍상리,598,12
읍상리,600,1
읍상리,600,2
읍상리,616,2
읍상리,616,4
읍상리,616,5
읍상리,616,6
읍상리,620,2
읍상리,624,1
읍상리,624,4
읍상리,626,1
읍상리,626,2
읍상리,626,4
읍상리,626,8
읍상리,626,10
읍상리,628,1
읍상리,628,3
읍상리,628,5
읍상리,628,6
읍상리,628,7
읍상리,628,8
읍상리,628,9
읍상리,628,10
읍상리,629,2
읍상리,629,5
읍상리,629,7
읍상리,630,2
읍상리,630,8
읍상리,631,1
읍상리,631,2
읍상리,631,5
읍상리,631,6
읍상리,631,7
읍상리,631,8
읍상리,631,9
읍상리,631,15
읍상리,632,1
읍상리,632,2
읍상리,637,4
읍상리,637,5
읍상리,637,7
읍상리,638,2
읍상리,638,5
읍상리,638,7
읍상리,638,8
읍상리,638,9
읍상리,638,10
읍상리,640,1
읍상리,640,2
읍상리,640,3
읍상리,640,8
읍상리,640,9
읍상리,640,10
읍상리,640,12
읍상리,641,1
읍상리,641,2
읍상리,641,3
읍상리,641,4
읍상리,641,6
읍상리,641,8
읍상리,642,1
읍상리,642,3
읍상리,644,1
읍상리,644,3
읍상리,647,1
읍상리,647,3
읍상리,648,1
읍상리,648,3
읍상리,649,1
읍상리,649,2
읍상리,649,3
읍상리,649,6
읍상리,650,1
읍상리,650,2
읍상리,650,3
읍상리,650,4
읍상리,650,5
읍상리,650,6
읍상리,650,8
읍상리,659,3
읍상리,659,4
읍상리,661,3
읍상리,665,6
읍상리,665,7
읍상리,665,8
읍상리,665,9
읍상리,671,3
읍상리,671,5
읍상리,692,4
읍상리,692,6
읍하리,50,8
읍하리,54,2
읍하리,54,3
읍하리,60,17
읍하리,69,
읍하리,71,
읍하리,74,1
읍하리,75,2
읍하리,75,3
읍하리,75,5
읍하리,77,1
읍하리,79,4
읍하리,79,7
읍하리,80,2
읍하리,86,3
읍하리,86,9
읍하리,89,10
읍하리,90,6
읍하리,90,12
읍하리,90,17
읍하리,92,
읍하리,94,10
읍하리,94,21
읍하리,94,24
읍하리,97,1
읍하리,100,1
읍하리,105,1
읍하리,107,3
읍하리,107,27
읍하리,107,38
읍하리,109,1
읍하리,110,1
읍하리,110,7
읍하리,111,1
읍하리,112,6
읍하리,112,50
읍하리,115,7
읍하리,134,5
읍하리,134,7
읍하리,134,20
읍하리,134,21
읍하리,134,32
읍하리,148,8
읍하리,166,
읍하리,176,6
읍하리,176,7
읍하리,195,2
읍하리,210,2
읍하리,210,5
읍하리,210,11
읍하리,214,4
읍하리,214,5
읍하리,214,7
읍하리,215,1
읍하리,215,2
읍하리,215,3
읍하리,215,4
읍하리,215,9
읍하리,215,11
읍하리,216,
읍하리,218,3
읍하리,218,5
읍하리,218,9
읍하리,219,6
읍하리,220,3
읍하리,221,2
읍하리,221,3
읍하리,221,5
읍하리,222,5
읍하리,222,7
읍하리,228,6
읍하리,238,
읍하리,243,1
읍하리,249,3
읍하리,250,1
읍하리,250,2
읍하리,250,3
읍하리,251,23
읍하리,251,35
읍하리,251,36
읍하리,251,37
읍하리,251,38
읍하리,251,39
읍하리,251,41
읍하리,251,46
읍하리,251,49
읍하리,251,50
읍하리,251,58
읍하리,251,59
읍하리,251,61
읍하리,251,65
읍하리,251,66
읍하리,251,69
읍하리,251,75
읍하리,251,77
읍하리,251,81
읍하리,251,82
읍하리,251,85
읍하리,251,87
읍하리,296,1
읍하리,297,2
읍하리,297,3
읍하리,297,9
읍하리,300,2
읍하리,300,3
읍하리,300,4
읍하리,300,5
읍하리,300,6
읍하리,300,8
읍하리,300,9
읍하리,300,12
읍하리,300,13
읍하리,300,14
읍하리,300,15
읍하리,300,16
읍하리,301,8
읍하리,302,1
읍하리,302,2
읍하리,305,1
읍하리,305,2
읍하리,306,4
읍하리,306,5
읍하리,306,7
읍하리,309,1
읍하리,310,2
읍하리,311,
읍하리,315,
읍하리,317,1
읍하리,320,1
읍하리,320,3
읍하리,320,4
읍하리,320,5
읍하리,320,7
읍하리,322,6
읍하리,322,8
읍하리,323,
읍하리,324,2
읍하리,324,3
읍하리,324,8
읍하리,326,4
읍하리,330,1
읍하리,331,
읍하리,334,3
읍하리,337,
읍하리,338,8
읍하리,338,10
읍하리,338,11
읍하리,344,
읍하리,344,1
읍하리,345,
읍하리,347,1
읍하리,347,2
읍하리,347,10
읍하리,347,11
읍하리,347,12
읍하리,347,13
읍하리,348,
읍하리,349,1
읍하리,349,6
읍하리,349,10
읍하리,350,
읍하리,351,1
읍하리,351,4
읍하리,351,6
읍하리,352,2
읍하리,355,1
읍하리,358,1
읍하리,358,2
읍하리,359,1
읍하리,360,
읍하리,362,7
읍하리,363,6
읍하리,363,11
읍하리,364,13
읍하리,364,16
읍하리,364,17
읍하리,364,18
읍하리,364,20
읍하리,364,35
읍하리,365,1
읍하리,365,6
읍하리,366,4
읍하리,366,11
읍하리,366,12
읍하리,366,13
읍하리,366,19
읍하리,367,2
읍하리,367,8
읍하리,367,9
읍하리,367,11
읍하리,368,4
읍하리,368,6
읍하리,368,14
읍하리,368,18
읍하리,369,2
읍하리,369,5
읍하리,373,2
읍하리,375,1
읍하리,375,2
읍하리,375,14
읍하리,375,18
읍하리,375,21
읍하리,375,23
읍하리,375,24
읍하리,375,25
읍하리,375,26
읍하리,375,30
읍하리,375,31
읍하리,375,33
읍하리,377,3
읍하리,377,4
읍하리,377,8
읍하리,377,20
읍하리,377,22
읍하리,377,40
읍하리,377,45
읍하리,377,55
읍하리,377,62
읍하리,377,63
읍하리,377,68
읍하리,377,71
읍하리,377,78
읍하리,377,80
읍하리,377,81
읍하리,377,82
읍하리,377,84
읍하리,377,86
읍하리,377,90
읍하리,377,100
읍하리,377,102
읍하리,377,103
읍하리,377,105
읍하리,377,106
읍하리,377,109
읍하리,377,112
읍하리,377,119
읍하리,377,126
읍하리,377,129
읍하리,377,134
읍하리,377,140
읍하리,377,147
읍하리,381,1
읍하리,381,3
읍하리,381,7
읍하리,381,8
읍하리,382,2
읍하리,383,1
읍하리,383,3
읍하리,384,1
읍하리,384,2
읍하리,385,7
읍하리,385,12
읍하리,385,20
읍하리,385,24
읍하리,396,
읍하리,396,16
읍하리,415,1
읍하리,423,5
읍하리,423,11
읍하리,423,12
읍하리,423,14
읍하리,470,
읍하리,470,2
읍하리,470,4
읍하리,484,4
읍하리,486,4
읍하리,486,6
읍하리,488,1
읍하리,488,3
읍하리,488,5
읍하리,488,6
읍하리,488,7
읍하리,488,8
읍하리,488,9
읍하리,488,10
읍하리,488,12
읍하리,488,13
읍하리,493,2
읍하리,493,4
읍하리,493,5
읍하리,493,6
읍하리,493,8
읍하리,493,9
읍하리,493,10
읍하리,493,12
읍하리,495,1
읍하리,495,2
읍하리,495,4
읍하리,495,6
읍하리,495,8
읍하리,495,10
읍하리,495,14
읍하리,498,1
읍하리,498,3
읍하리,498,7
읍하리,498,8
읍하리,498,9
읍하리,498,10
읍하리,507,1
읍하리,507,2
읍하리,507,3
읍하리,507,4
읍하리,507,5
읍하리,507,7
읍하리,507,8
읍하리,507,9
읍하리,507,10
읍하리,507,11
읍하리,507,12
읍하리,507,13
읍하리,507,14
읍하리,507,15
읍하리,507,16
읍하리,509,3
읍하리,511,1
읍하리,511,2
읍하리,511,3
읍하리,511,4
읍하리,511,5
읍하리,511,6
읍하리,511,8
읍하리,511,9
읍하리,511,10
읍하리,511,11
읍하리,511,12
읍하리,511,13
읍하리,511,14
읍하리,511,15
읍하리,511,16
읍하리,519,1
읍하리,519,2
읍하리,519,7
읍하리,519,13
읍하리,519,14
읍하리,519,16
읍하리,521,2
읍하리,521,4
읍하리,521,5
읍하리,521,6
읍하리,521,7
읍하리,521,8
읍하리,521,12
읍하리,521,14
읍하리,521,15
읍하리,521,16
읍하리,524,2
읍하리,524,3
읍하리,526,3
읍하리,526,4
읍하리,526,5
읍하리,526,6
읍하리,526,7
읍하리,526,8
읍하리,526,9
읍하리,528,3
읍하리,528,4
읍하리,529,1
읍하리,529,2
읍하리,529,3
읍하리,529,4
읍하리,529,5
읍하리,529,6
읍하리,529,7
읍하리,529,8
읍하리,531,1
읍하리,531,2
읍하리,531,3
읍하리,531,4
읍하리,531,5
읍하리,531,7
읍하리,531,8
읍하리,531,9
읍하리,531,11
읍하리,531,13
읍하리,533,2
읍하리,533,5
읍하리,533,6
읍하리,533,7
읍하리,533,8
읍하리,533,11
읍하리,535,1
읍하리,535,2
읍하리,535,6
읍하리,535,7
읍하리,535,8
읍하리,535,9
읍하리,535,10
읍하리,544,1
읍하리,546,1
읍하리,546,2
읍하리,546,4
읍하리,546,5
읍하리,546,7
읍하리,546,8
읍하리,546,9
읍하리,546,11
읍하리,546,13
읍하리,546,14
읍하리,548,1
읍하리,548,4
읍하리,548,5
읍하리,548,7
읍하리,548,8
읍하리,548,10
읍하리,548,11
읍하리,548,12
읍하리,548,13
읍하리,548,14
읍하리,548,15
읍하리,550,1
읍하리,550,2
읍하리,550,4
읍하리,550,5
읍하리,550,11
읍하리,554,7
읍하리,554,8
읍하리,556,4
읍하리,556,5
읍하리,556,7
읍하리,563,4
읍하리,567,3
읍하리,567,5
읍하리,567,8
읍하리,567,9
읍하리,567,10
읍하리,572,2
읍하리,572,3
읍하리,572,5
읍하리,572,6
읍하리,572,7
읍하리,572,9
읍하리,572,10
읍하리,574,1
읍하리,574,8
읍하리,583,1
읍하리,583,4
읍하리,583,5
읍하리,583,6
읍하리,586,1
읍하리,586,2
읍하리,593,1
읍하리,593,6
북천리,2,12
북천리,2,13
북천리,2,14
북천리,2,15
북천리,2,24
북천리,2,29
북천리,2,31
북천리,2,32
북천리,2,33
북천리,2,34
북천리,2,41
북천리,2,42
북천리,2,46
북천리,2,53
북천리,2,54
북천리,2,56
북천리,2,66
북천리,2,67
북천리,2,72
북천리,2,73
북천리,3,4
북천리,3,6
북천리,3,8
북천리,3,9
북천리,3,10
북천리,3,12
북천리,3,16
북천리,3,17
북천리,3,19
북천리,3,20
북천리,3,22
북천리,3,23
북천리,3,24
북천리,3,25
북천리,3,27
북천리,3,28
북천리,3,29
북천리,3,30
북천리,3,31
북천리,3,32
북천리,3,34
북천리,3,37
북천리,3,38
북천리,3,40
북천리,3,43
북천리,3,44
북천리,3,45
북천리,3,47
북천리,3,52
북천리,3,55
북천리,3,57
북천리,3,59
북천리,3,60
북천리,3,62
북천리,3,64
북천리,3,66
북천리,3,68
북천리,3,69
북천리,3,70
북천리,3,71
북천리,3,72
북천리,3,73
북천리,3,76
북천리,3,77
북천리,3,78
북천리,3,79
북천리,3,86
북천리,3,95
북천리,3,100
북천리,3,103
북천리,3,106
북천리,6,7
북천리,7,
북천리,33,3
북천리,33,9
북천리,34,1
북천리,35,5
북천리,36,2
북천리,36,4
북천리,36,5
북천리,36,6
북천리,36,7
북천리,38,
북천리,39,1
북천리,39,2
북천리,46,3
북천리,48,2
북천리,48,9
북천리,67,2
북천리,69,2
북천리,89,3
북천리,95,
북천리,96,1
북천리,96,8
북천리,96,9
북천리,96,10
북천리,99,2
북천리,115,6
북천리,115,15
북천리,115,16
북천리,115,17
북천리,115,19
북천리,115,20
북천리,115,23
북천리,115,24
북천리,115,25
북천리,115,27
북천리,115,28
북천리,115,30
북천리,115,31
북천리,115,32
북천리,115,33
북천리,115,34
북천리,115,35
북천리,115,37
북천리,115,38
북천리,115,39
북천리,115,41
북천리,115,42
북천리,115,43
북천리,115,45
북천리,115,46
북천리,115,47
북천리,115,56
북천리,115,59
북천리,115,64
북천리,115,68
북천리,115,70
북천리,115,72
북천리,115,73
북천리,115,74
북천리,115,75
북천리,115,76
북천리,115,77
북천리,115,78
북천리,115,79
북천리,115,80
북천리,115,81
북천리,115,82
북천리,115,83
북천리,115,86
북천리,115,120
북천리,115,121
북천리,115,122
북천리,115,123
북천리,115,125
북천리,115,126
북천리,115,128
북천리,115,130
북천리,115,131
북천리,115,132
북천리,115,133
북천리,115,134
북천리,115,135
북천리,115,137
북천리,115,138
북천리,115,139
북천리,115,141
북천리,115,144
북천리,115,145
북천리,115,148
북천리,115,149
북천리,115,150
북천리,115,151
북천리,115,152
북천리,115,153
북천리,115,154
북천리,115,155
북천리,115,174
북천리,115,175
북천리,115,176
북천리,115,177
북천리,115,178
북천리,115,179
북천리,115,180
북천리,115,181
북천리,115,182
북천리,115,183
북천리,115,184
북천리,115,185
북천리,115,186
북천리,115,187
북천리,115,188
북천리,115,193
북천리,116,4
북천리,123,2
북천리,171,4
북천리,171,5
북천리,171,12
북천리,177,
북천리,205,8
북천리,205,9
북천리,209,
북천리,211,
북천리,214,3
북천리,214,6
내지리,23,3
내지리,27,
내지리,31,2
내지리,31,7
내지리,31,10
내지리,31,11
내지리,31,18
내지리,32,5
내지리,40,4
내지리,45,12
내지리,45,17
내지리,45,19
내지리,45,20
내지리,45,21
내지리,45,29
내지리,45,32
내지리,45,33
내지리,45,34
내지리,45,37
내지리,45,38
내지리,45,39
내지리,45,41
내지리,45,43
내지리,45,44
내지리,45,45
내지리,51,1
내지리,56,
내지리,60,1
내지리,66,3
내지리,68,
내지리,68,2
내지리,68,3
내지리,68,7
내지리,68,8
내지리,68,9
내지리,68,11
내지리,68,12
내지리,68,13
내지리,68,15
내지리,68,18
내지리,68,20
내지리,68,22
내지리,68,23
내지리,68,25
내지리,68,28
내지리,72,1
내지리,73,
내지리,77,2
내지리,78,1
내지리,80,4
내지리,80,7
내지리,80,10
내지리,82,1
내지리,83,1
내지리,83,3
내지리,86,1
내지리,90,10
내지리,97,1
내지리,100,2
내지리,102,1
내지리,105,1
내지리,110,3
내지리,113,
내지리,115,5
내지리,115,8
내지리,120,1
내지리,120,8
내지리,120,11
내지리,120,14
내지리,120,17
내지리,120,19
내지리,123,1
내지리,137,13
내지리,137,14
내지리,137,24
내지리,137,34
내지리,137,35
내지리,137,37
내지리,137,38
내지리,137,39
내지리,146,5
내지리,155,
내지리,163,
내지리,183,1
내지리,184,
내지리,186,
내지리,194,1
내지리,198,3
내지리,204,
내지리,204,1
내지리,204,2
내지리,204,4
내지리,204,5
내지리,204,9
내지리,204,10
내지리,215,
내지리,216,
내지리,219,
내지리,220,2
내지리,229,4
내지리,229,6
내지리,231,1
내지리,231,4
내지리,231,9
내지리,231,10
내지리,233,
내지리,257,
내지리산,61,1
마옥리,7,
마옥리,21,
마옥리,28,
마옥리,30,3
마옥리,30,10
마옥리,30,11
마옥리,37,1
마옥리,38,1
마옥리,38,2
마옥리,41,1
마옥리,44,5
마옥리,44,8
마옥리,54,3
마옥리,54,6
마옥리,54,11
마옥리,54,13
마옥리,54,30
마옥리,64,1
마옥리,93,
마옥리,94,
마옥리,95,3
마옥리,96,3
마옥리,98,4
마옥리,98,10
마옥리,101,3
마옥리,102,1
마옥리,103,2
마옥리,125,
마옥리,125,2
마옥리,137,3
마옥리,137,4
마옥리,137,5
마옥리,163,2
마옥리,163,7
마옥리,164,1
마옥리,164,2
마옥리,164,4
마옥리,164,5
마옥리,169,3
마옥리,171,4
마옥리,173,1
마옥리,176,
마옥리,224,1
마옥리,227,1
마옥리,245,
마옥리,247,
마옥리,248,1
마옥리,260,
마옥리,269,
마옥리,269,1
마옥리,269,2
마옥리,269,3
마옥리,269,4
마옥리,269,7
마옥리,269,8
마옥리,269,9
마옥리,269,10
마옥리,269,12
마옥리,274,1
마옥리,274,4
마옥리,274,5
마옥리,274,7
마옥리,280,1
마옥리,284,
마옥리,296,
마옥리,337,7
마옥리,345,4
마옥리,354,3
마옥리산,44,1
송전리,13,
송전리,18,
송전리,19,
송전리,24,2
송전리,28,3
송전리,28,5
송전리,28,8
송전리,28,9
송전리,28,12
송전리,28,13
송전리,28,14
송전리,40,
송전리,56,1
송전리,59,
송전리,60,
송전리,61,
송전리,62,1
송전리,96,1
송전리,107,
송전리,121,
송전리,122,
송전리,122,1
송전리,122,2
송전리,122,4
송전리,122,6
송전리,122,8
송전리,122,9
송전리,122,13
송전리,136,9
송전리,141,
송전리,164,2
송전리,165,1
송전리,168,1
송전리,168,5
송전리,174,6
송전리,174,7
송전리,174,9
송전리,174,10
송전리,174,12
송전리,174,15
송전리,174,21
송전리,174,22
송전리,174,23
송전리,174,25
송전리,174,26
송전리,174,27
송전리,174,28
송전리,174,29
송전리,175,2
송전리,177,3
궁천리,4,
궁천리,4,3
궁천리,11,6
궁천리,12,
궁천리,16,
궁천리,17,
궁천리,17,2
궁천리,30,1
궁천리,44,1
궁천리,45,1
궁천리,46,
궁천리,46,1
궁천리,64,
궁천리,65,
궁천리,67,
궁천리,71,
궁천리,79,7
궁천리,79,10
궁천리,86,
궁천리,99,1
궁천리산,7,1
궁천리산,10,1
옥동리,4,
옥동리,6,2
옥동리,40,
옥동리,41,
옥동리,43,2
옥동리,50,
옥동리,57,
옥동리,58,2
옥동리,80,
옥동리,80,1
옥동리,80,6
옥동리,116,2
옥동리,116,3
옥동리,116,5
옥동리,116,6
옥동리,116,7
옥동리,116,17
옥동리,168,
옥동리,172,2
옥동리,172,3
옥동리,173,
옥동리,176,1
옥동리,176,5
옥동리,178,
옥동리,185,
옥동리,197,2
옥동리,203,2
옥동리,204,
옥동리,235,
옥동리,236,
옥동리,238,1
옥동리,239,
옥동리,250,1
옥동리,255,2
옥동리,259,2
옥동리,260,
옥동리,263,3
옥동리,264,3
옥동리,267,1
옥동리,280,
옥동리,295,
옥동리,301,1
옥동리,304,
옥동리,307,1
옥동리,307,4
옥동리,308,1
옥동리,318,
옥동리,324,1
옥동리,339,
옥동리,340,
옥동리,353,
옥동리,397,7
옥동리,401,1
옥동리,402,2
옥동리,425,2
옥동리,426,
옥동리,433,1
옥동리,434,5
옥동리,436,
옥동리,437,
옥동리,445,
옥동리,455,
옥동리,457,
옥동리,467,
옥동리,470,1
옥동리,475,
옥동리,482,2
옥동리,483,1
옥동리,497,
옥동리,501,
옥동리,503,1
옥동리,570,1
옥동리,570,3
옥동리,580,
옥동리,581,
옥동리,588,1
옥동리,603,
옥동리,613,
옥동리,627,
옥동리,633,
옥동리,635,
옥동리,645,1
옥동리,651,
옥동리,657,
옥동리,658,
옥동리,665,1
옥동리,665,3
옥동리,671,
옥동리,672,3
옥동리,676,1
옥동리,691,1
옥동리,696,1
옥동리,696,3
옥동리,696,5
옥동리,698,
옥동리,698,3
옥동리,698,4
옥동리,712,
옥동리산,70,
옥동리산,90,
옥동리산,123,1
옥동리산,140,1
영영포리,44,2
영영포리,49,1
영영포리,60,
영영포리,61,
영영포리,65,2
영영포리,65,4
영영포리,78,2
영영포리,80,
영영포리,102,
영영포리,133,
영영포리,148,
영영포리,160,
영영포리,161,4
영영포리,161,6
영영포리,161,8
영영포리,161,9
영영포리,161,10
영영포리,161,11
영영포리,163,1
영영포리,165,
영영포리,174,
영영포리,174,1
영영포리,176,
영영포리,180,
영영포리,182,
영영포리,187,1
영영포리,198,
영영포리,199,
영영포리,214,
영영포리,218,
영영포리,244,2
영영포리,254,1
영영포리,257,1
영영포리,257,2
영영포리,297,
영영포리,307,
영영포리,310,
영영포리,322,
영영포리,337,1
영영포리,337,2
영영포리,339,4
영영포리,340,
영영포리,343,
영영포리,343,8
영영포리,362,
영영포리,373,1
영영포리,376,1
영영포리,381,
영영포리,383,
영영포리,384,2
영영포리,393,1
영영포리,394,4
영영포리,394,5
영영포리,404,1
영영포리,405,
영영포리,414,1
영영포리,421,
영영포리,492,
영영포리,496,8
영영포리,498,1
영영포리,499,
영영포리,501,5
영영포리,502,1
영영포리,502,10
영영포리,502,17
영영포리,509,
영영포리,517,4
영영포리,522,1
영영포리,529,
영영포리,531,
영영포리,533,
영영포리,537,4
영영포리,538,1
영영포리,538,2
영영포리,556,5
영영포리,556,6
영영포리,558,
영영포리,558,1
영영포리,558,2
영영포리,559,1
개전리,2,
개전리,7,
개전리,37,
개전리,37,4
개전리,38,1
개전리,42,
개전리,44,
개전리,44,2
개전리,44,3
개전리,44,7
개전리,44,9
개전리,44,11
개전리,49,
개전리,63,
개전리,67,2
개전리,70,
개전리,81,
개전리,89,13
개전리,89,19
개전리,93,3
개전리,95,4
개전리,96,
개전리,98,
개전리,101,
개전리,102,
개전리,105,3
개전리,109,1
개전리,115,3
개전리,118,1
개전리,118,8
개전리,127,1
개전리,127,3
개전리,128,1
개전리,128,2
개전리,128,5
개전리,128,6
개전리,129,2
개전리,130,1
개전리,130,3
개전리,130,6
개전리,142,
개전리,143,2
개전리,146,1
개전리,151,
개전리,154,
개전리,163,
개전리,189,1
개전리,195,
개전리,214,3
개전리,215,3
개전리,217,
개전리,224,
개전리,231,
개전리,239,
개전리,252,
개전리,252,1
개전리,253,
개전리,254,
개전리,255,
개전리,255,1
개전리,269,1
개전리,269,6
개전리,271,4
개전리,279,2
개전리,318,2
개전리,326,5
개전리,326,6
개전리,341,
개전리,345,
개전리,355,1
개전리,373,1
개전리,373,2
개전리,373,6
개전리,373,8
개전리,373,13
개전리,373,14
개전리,373,15
개전리,374,
개전리,412,1
개전리,412,2
개전리,412,10
개전리,413,
개전리,451,3
개전리,452,
개전리,457,
개전리,457,2
개전리,467,1
개전리,474,6
개전리,476,1
개전리,476,2
개전리,476,3
개전리,483,5
개전리,483,12
개전리,488,4
개전리,490,1
개전리,490,5
개전리,500,5
개전리,500,7
개전리,501,1
개전리,502,
개전리,503,1
개전리,505,
개전리,506,
개전리,510,3
개전리,510,11
개전리,510,17
개전리,510,18
개전리,511,
개전리,535,
개전리,562,1
개전리,569,1
개전리,576,
개전리,613,
개전리,633,3
개전리,655,8
개전리,672,1
개전리,678,
개전리산,9,
마산리,10,1
마산리,10,5
마산리,10,7
마산리,11,11
마산리,13,2
마산리,50,
마산리,64,1
마산리,66,4
마산리,66,5
마산리,67,1
마산리,68,4
마산리,74,5
마산리,74,7
마산리,74,17
마산리,214,
마산리,215,2
마산리,244,
마산리,249,
마산리,251,1
마산리,251,3
마산리,251,6
마산리,252,
마산리,257,4
마산리,264,1
마산리,265,
마산리,272,1
마산리,272,3
마산리,273,1
마산리,317,1
마산리,317,5
마산리,318,2
마산리,318,6
마산리,320,2
마산리,324,1
마산리,325,3
마산리,326,
마산리,327,
마산리,330,4
마산리,330,5
마산리,330,7
마산리,330,8
마산리,330,12
마산리,331,1
마산리,332,1
마산리,332,3
마산리,333,
마산리,333,1
마산리,346,6
마산리,348,2
마산리,351,
마산리,351,4
마산리,393,4
마산리,394,1
마산리,399,1
마산리,406,
마산리,408,
마산리,410,
마산리,419,3
마산리,435,6
마산리,445,
마산리,450,2
마산리,451,3
마산리,453,2
마산리,460,1
마산리,467,
마산리,467,1
마산리,467,3
마산리,467,4
마산리,479,
마산리,481,1
마산리,481,2
마산리,484,2
마산리,484,7
마산리,486,1
마산리,486,4
마산리,489,
마산리,490,1
마산리,491,
마산리,493,
마산리,495,1
마산리,504,1
마산리,511,
마산리,512,2
마산리,513,
마산리,516,3
마산리,529,2
마산리,534,2
마산리,535,
마산리,570,5
마산리,571,2
마산리,571,3
마산리,571,5
마산리,581,
마산리,633,2
마산리,694,
마산리,809,6
마산리,824,3
마산리,824,5
마산리,826,4
마산리,827,1
마산리,827,4
마산리,827,8
마산리,827,13
마산리산,44,
조곡리,3,8
조곡리,4,
조곡리,13,8
조곡리,14,
조곡리,14,5
조곡리,14,8
조곡리,14,12
조곡리,14,18
조곡리,14,24
조곡리,14,26
조곡리,22,
조곡리,28,
조곡리,29,2
조곡리,30,
조곡리,32,
조곡리,33,
조곡리,49,
조곡리,57,
조곡리,60,
조곡리,64,
조곡리,64,2
조곡리,64,5
조곡리,64,17
조곡리,64,20
조곡리,64,22
조곡리,64,27
조곡리,67,
조곡리,68,
조곡리,69,1
조곡리,72,
조곡리,72,1
조곡리,76,2
조곡리,78,2
조곡리,79,
조곡리,81,
조곡리,84,1
조곡리,96,
조곡리,99,1
조곡리,116,
조곡리,120,
조곡리,121,
조곡리,123,
조곡리,126,
조곡리,144,1
조곡리,199,
조곡리,199,1
조곡리,203,
조곡리,231,
조곡리,240,
조곡리,242,
조곡리,264,2
조곡리,277,
조곡리,292,1
조곡리,293,
조곡리,299,
조곡리,300,
조곡리,301,
조곡리,313,3
조곡리,324,
조곡리,325,
조곡리,326,1
조곡리,328,
조곡리,329,2
조곡리,329,4
조곡리,329,9
조곡리,329,14
조곡리,329,16
조곡리,329,19
조곡리,346,
조곡리,346,7
조곡리,346,8
조곡리,355,
조곡리,356,
조곡리,357,
조곡리,359,1
조곡리,372,
조곡리,375,
조곡리,376,1
조곡리,378,2
조곡리,381,2
조곡리,381,4
조곡리,382,
조곡리,389,
조곡리,398,
조곡리,399,
조곡리,401,
조곡리,405,1
조곡리,406,
조곡리,420,
조곡리,432,
조곡리,433,3
조곡리,435,1
조곡리,435,2
조곡리,437,
조곡리,437,5
조곡리,437,9
조곡리,440,
조곡리,444,
조곡리,444,1
조곡리,444,2
조곡리,446,2
조곡리,446,4
조곡리,449,
조곡리,465,4
조곡리,466,4
조곡리,466,8
조곡리,475,2
조곡리,487,
조곡리,489,
조곡리,490,
조곡리,491,
조곡리,516,3
조곡리,529,14
조곡리산,7,1
조곡리산,21,
조곡리산,56,
생운리,2,
생운리,5,2
생운리,5,4
생운리,6,2
생운리,6,3
생운리,6,4
생운리,9,1
생운리,12,
생운리,14,1
생운리,14,3
생운리,17,1
생운리,17,2
생운리,20,
생운리,21,3
생운리,26,
생운리,41,3
생운리,54,
생운리,54,3
생운리,88,1
생운리,118,1
생운리,119,1
생운리,119,4
생운리,147,1
생운리,147,4
생운리,147,7
생운리,148,
생운리,151,2
생운리,152,1
생운리,153,3
생운리,155,1
생운리,155,3
생운리,162,
생운리,170,
생운리,170,1
생운리,175,1
생운리,182,1
생운리,185,
생운리,186,2
생운리,188,1
생운리,188,2
생운리,189,2
생운리,190,1
생운리,191,1
생운리,194,
생운리,195,4
생운리,196,2
생운리,196,5
생운리,199,6
생운리,200,
생운리,202,
생운리,203,2
생운리,224,
생운리,229,2
생운리,260,3
남산리,7,
남산리,11,1
남산리,15,
남산리,40,2
남산리,41,3
남산리,41,4
남산리,41,6
남산리,42,2
남산리,42,3
남산리,42,6
남산리,45,
남산리,99,
남산리,101,
남산리,101,1
남산리,106,
남산리,110,
남산리,127,
남산리,130,
남산리,139,1
남산리,140,1
남산리,141,
남산리,142,2
남산리,143,
남산리,144,1
남산리,144,4
남산리,145,1
남산리,145,3
남산리,146,1
남산리,146,2
남산리,146,3
남산리,148,1
남산리,148,3
남산리,148,4
남산리,150,
남산리,153,3
남산리,155,
남산리,158,
남산리,159,
남산리,160,
남산리,161,
남산리,162,
남산리,164,
남산리,165,
남산리,166,
남산리,167,
남산리,169,
남산리,170,
남산리,171,1
남산리,171,4
남산리,173,1
남산리,174,1
남산리,174,2
남산리,175,2
남산리,178,
남산리,182,5
남산리,190,5
남산리산,9,1
교항리,7,1
교항리,7,3
교항리,10,1
교항리,11,
교항리,13,
교항리,17,
교항리,18,1
교항리,21,
교항리,22,1
교항리,26,3
교항리,28,2
교항리,46,1
교항리,46,27
교항리,46,28
교항리,46,29
교항리,47,2
교항리,54,3
교항리,56,3
교항리,56,5
교항리,57,8
교항리,57,9
교항리,57,11
교항리,58,3
교항리,59,2
교항리,59,3
교항리,60,7
교항리,61,1
교항리,63,2
교항리,112,1
교항리,112,3
교항리,116,2
교항리,116,3
교항리,116,4
교항리,116,10
교항리,116,13
교항리,116,14
교항리,116,16
교항리,116,17
입석리,16,
입석리,18,1
입석리,18,5
입석리,18,8
입석리,19,2
입석리,22,
입석리,25,7
입석리,29,
입석리,36,4
입석리,39,
입석리,43,1
입석리,65,1
입석리,65,2
입석리,65,6
입석리,65,10
입석리,65,12
입석리,65,13
입석리,65,14
입석리,65,15
입석리,65,16
입석리,65,17
입석리,65,18
입석리,65,19
입석리,65,34
입석리,110,9
입석리,120,1
입석리,123,1
입석리,123,2
입석리,124,
입석리,129,
입석리,131,2
입석리,132,
입석리,135,7
입석리,135,10
입석리,135,12
입석리,135,15
입석리,137,3
입석리,137,4
입석리,138,1
입석리,138,3
입석리,138,5
입석리,138,8
입석리,138,9
입석리,138,10
입석리,138,11
입석리,138,13
입석리,138,15
입석리,138,16
입석리,138,17
입석리,138,20
입석리,138,21
입석리,138,23
입석리,138,24
입석리,138,25
입석리,139,1
입석리,139,4
입석리,139,5
입석리,139,6
입석리,139,7
입석리,139,8
입석리,139,9
입석리,139,12
입석리,139,13
입석리,140,
입석리,140,6
입석리,150,1
입석리,162,1
입석리,162,5
입석리,162,8
입석리,162,9
입석리,162,11
입석리,162,12
입석리,162,18
입석리,163,5
입석리,165,1
입석리,165,5
입석리,165,7
입석리,165,13
입석리,168,1
입석리,168,3
입석리,169,2
입석리,169,6
입석리,169,7
입석리,169,9
입석리,170,2
입석리,170,3
입석리,170,6
입석리,170,10
입석리,172,1
입석리,172,2
입석리,174,1
입석리,174,6
입석리,179,2
입석리,180,1
입석리,180,3
입석리,182,1
입석리,183,
입석리,183,1
입석리,183,2
입석리,184,2
입석리,186,
입석리,187,5
입석리,187,6
입석리,188,1
입석리,188,2
입석리,188,4
입석리,190,
입석리,192,
입석리,192,1
입석리,192,2
입석리,192,3
입석리,192,4
입석리,192,5
입석리,198,
입석리산,11,1
입석리산,11,4
청용리,11,
청용리,11,2
청용리,18,
청용리,24,
청용리,56,
청용리,61,1
청용리,67,
청용리,67,2
청용리,67,6
청용리,82,1
청용리,90,
청용리,97,2
청용리,101,
청용리,104,3
청용리,130,
청용리,142,
청용리,144,
청용리,146,2
청용리,146,3
청용리,158,
청용리,159,2
청용리,161,2
청용리,163,1
청용리,164,2
청용리,164,3
청용리,164,6
청용리,164,8
청용리,167,4
청용리,172,3
청용리,173,2
청용리,173,7
청용리,174,1
청용리,174,2
청용리,174,3
청용리,175,1
청용리,179,
청용리,180,
청용리,181,
청용리,181,2
청용리,182,1
청용리,183,1
청용리,184,2
청용리,185,1
청용리,185,3
청용리,186,1
청용리,186,2
청용리,189,1
청용리,189,7
청용리,191,2
청용리,191,3
청용리,191,4
청용리,199,
청용리,202,
청용리,202,1
청용리,202,2
청용리,203,2
청용리,206,
청용리,210,
청용리,215,
청용리,216,
청용리,223,
청용리,224,
청용리,226,
청용리,228,
청용리,229,
청용리,230,
청용리,233,3
청용리,233,4
청용리,237,
청용리,238,2
청용리,246,3
청용리,258,3
청용리,269,
청용리,295,
청용리,311,
청용리,329,3
청용리,331,
청용리,333,1
청용리,338,3
청용리,338,5
청용리,338,6
청용리,338,7
청용리,346,1
청용리,346,4
청용리,379,4
청용리,379,6
청용리,379,7
청용리,380,
청용리,393,
청용리,395,1
청용리,416,3
청용리,417,1
청용리,417,2
청용리,417,3
청용리,417,4
청용리,420,2
청용리,421,
청용리,423,
묵계리,22,2
묵계리,22,3
묵계리,34,3
묵계리,77,
묵계리,102,2
묵계리,106,1
묵계리,106,2
묵계리,106,3
묵계리,106,4
묵계리,106,5
묵계리,106,7
묵계리,106,8
묵계리,106,9
묵계리,106,10
묵계리,106,12
묵계리,107,1
묵계리,107,4
묵계리,124,2
묵계리,124,3
묵계리,124,4
묵계리,124,9
묵계리,124,10
묵계리,184,11
묵계리,188,
묵계리,203,2
묵계리,227,
묵계리,228,4
묵계리,228,5
묵계리,229,6
묵계리,229,7
묵계리,229,8
묵계리,230,1
묵계리,233,2
묵계리,233,3
묵계리,233,4
묵계리,233,5
묵계리,233,6
묵계리,233,7
묵계리,234,2
묵계리,237,
묵계리,238,2
묵계리,241,1
묵계리,243,2
묵계리,244,1
묵계리,245,
묵계리,246,2
묵계리,251,
곡교리,84,1
곡교리,85,1
곡교리,85,2
곡교리,85,11
곡교리,85,12
곡교리,85,14
곡교리,86,
곡교리,89,1
곡교리,89,5
곡교리,89,10
곡교리,89,11
곡교리,89,12
곡교리,89,18
곡교리,89,19
곡교리,89,21
곡교리,90,1
곡교리,90,4
곡교리,92,1
곡교리,92,7
곡교리,93,
곡교리,94,5
곡교리,94,8
곡교리,96,3
곡교리,96,5
곡교리,96,6
곡교리,96,9
곡교리,96,10
곡교리,96,15
곡교리,98,5
곡교리,98,6
곡교리,99,
곡교리,119,1
곡교리,119,10
곡교리,122,6
곡교리,122,8
곡교리,125,1
곡교리,127,1
곡교리,127,2
곡교리,127,3
곡교리,127,4
곡교리,129,1
곡교리,129,7
곡교리,130,4
곡교리,134,1
곡교리,134,2
곡교리,139,3
곡교리,149,3
곡교리,244,5
곡교리,244,6
곡교리,244,7
곡교리,244,8
곡교리,248,1
곡교리,251,1
곡교리,452,2
모평리,37,4
모평리,48,1
모평리,49,
모평리,49,1
모평리,96,1
모평리,96,2
모평리,97,
모평리,103,
모평리,104,11
모평리,104,12
모평리,105,1
모평리,106,
모평리,117,
모평리,118,1
모평리,118,2
모평리,118,5
모평리,136,
모평리,140,1
모평리,143,1
모평리,157,2
모평리,158,2
모평리,159,1
모평리,160,1
모평리,161,
모평리,163,2
모평리,163,3
모평리,165,
반곡리,1,
반곡리,2,2
반곡리,3,2
반곡리,52,1
반곡리,52,6
반곡리,52,15
반곡리,67,
반곡리,71,
반곡리,73,2
반곡리,75,2
반곡리,77,1
반곡리,77,3
반곡리,81,5
반곡리,97,2
반곡리,98,4
반곡리,113,
반곡리,114,2
반곡리,114,10
반곡리,118,24
반곡리,118,26
반곡리,120,
반곡리,142,4
반곡리,142,5
반곡리,142,11
반곡리,142,43
반곡리,158,3
반곡리,184,
반곡리,184,4
반곡리,184,5
반곡리,184,9
반곡리,184,10
반곡리,184,13
반곡리,184,23
반곡리,184,25
반곡리,184,26
반곡리,189,7
반곡리,190,
반곡리,191,
반곡리,192,3
반곡리,219,1
반곡리,219,5
반곡리,224,
반곡리,229,3
반곡리,230,
반곡리,231,1
반곡리,235,3
반곡리,235,4
반곡리,240,2
반곡리,240,4
반곡리,241,2
반곡리,244,4
반곡리,245,1
반곡리,245,4
반곡리,245,6
반곡리,245,7
반곡리,245,8
반곡리,245,10
반곡리,248,3
반곡리,249,1
반곡리,250,2
반곡리,253,
반곡리,254,1
반곡리,255,
반곡리,256,
반곡리,260,
반곡리,261,3
반곡리,262,
반곡리,266,1
반곡리,267,1
반곡리,270,
반곡리,283,
반곡리,323,
반곡리,328,1
반곡리,328,2
반곡리,334,2
반곡리,347,
반곡리,356,3
반곡리,360,
반곡리,361,
반곡리,364,5
반곡리,365,2
반곡리,381,4
반곡리,396,11
반곡리,396,30
반곡리,396,32
반곡리,400,8
반곡리,401,1
반곡리,401,4
반곡리,401,13
반곡리,401,26
반곡리,401,34
반곡리,401,37
반곡리,401,41
반곡리,401,45
반곡리,401,46
반곡리,401,49
반곡리,401,52
반곡리,409,1
반곡리,420,
반곡리,437,
반곡리,458,12
반곡리,459,2
반곡리,461,
반곡리,462,4
반곡리,462,6
반곡리,507,
반곡리,543,1
반곡리,543,5
반곡리,543,12
반곡리,566,15
반곡리산,25,1
갈풍리,7,1
갈풍리,7,4
갈풍리,8,
갈풍리,8,1
갈풍리,13,1
갈풍리,30,2
갈풍리,30,4
갈풍리,40,
갈풍리,41,
갈풍리,51,1
갈풍리,52,1
갈풍리,56,
갈풍리,64,1
갈풍리,65,
갈풍리,69,12
갈풍리,70,6
갈풍리,70,8
갈풍리,71,45
갈풍리,77,
갈풍리,80,9
갈풍리,80,21
갈풍리,80,22
갈풍리,80,23
갈풍리,80,24
갈풍리,80,26
갈풍리,80,71
갈풍리,80,72
갈풍리,80,95
갈풍리,83,
갈풍리,118,
갈풍리,128,
갈풍리,131,4
갈풍리,190,1
갈풍리,190,6
갈풍리,191,
갈풍리,194,2
갈풍리,196,2
갈풍리,196,3
갈풍리,198,
갈풍리,205,
갈풍리,206,1
갈풍리,220,9
갈풍리,247,3
갈풍리,271,2
갈풍리,271,3
갈풍리,277,3
갈풍리,300,3
갈풍리,307,
갈풍리,319,
갈풍리,320,
갈풍리,323,1
갈풍리,331,2
갈풍리,333,1
갈풍리,335,
갈풍리,337,1
갈풍리,337,2
학곡리,8,1
학곡리,42,6
학곡리,47,10
학곡리,66,1
학곡리,67,10
학곡리,80,1
학곡리,81,
학곡리,82,3
학곡리,110,2
학곡리,116,
학곡리,118,
학곡리,148,
학곡리,206,
학곡리,210,
학곡리,222,
학곡리,226,
학곡리,229,2
학곡리,230,
학곡리,231,1
학곡리,263,
학곡리,263,1
학곡리,305,1
학곡리,366,4
학곡리,368,
학곡리,368,1
학곡리,368,3
학곡리,368,5
학곡리,387,12
학곡리,387,13
학곡리,397,
학곡리,399,
학곡리,399,1
학곡리,411,4
학곡리,412,3
학곡리,414,9
학곡리,415,14
학곡리,423,3
학곡리,439,
학곡리,440,
학곡리,441,1
학곡리,441,2
학곡리,441,3
학곡리,441,4
학곡리,445,1
학곡리,462,16
학곡리,465,2
학곡리,484,5
학곡리,484,7
학곡리,484,13
학곡리,486,2
학곡리,487,
학곡리,488,4
학곡리,489,4
학곡리,492,1
학곡리,494,
학곡리,502,2
학곡리,506,1
학곡리,508,1
학곡리,526,1
학곡리,541,27
학곡리,755,
학곡리,770,
학곡리,782,
학곡리,785,3
학곡리,787,8
학곡리,787,11
학곡리,788,2
학곡리,793,
학곡리,798,
학곡리,804,
학곡리,808,1
학곡리,820,1
학곡리,821,1
학곡리,825,
학곡리,826,
학곡리,830,3
학곡리,834,1
학곡리,840,
학곡리,842,1
학곡리,881,2
학곡리,893,1
학곡리,894,
학곡리,895,
학곡리,895,1
학곡리,895,2
학곡리,895,3
학곡리,896,
학곡리,897,
학곡리,899,
학곡리,905,2
학곡리,908,
학곡리,909,
학곡리,912,
학곡리,924,
학곡리,953,
학곡리,956,
학곡리,957,
학곡리,965,
학곡리산,23,
학곡리산,43,
가담리,24,2
가담리,25,2
가담리,36,2
가담리,44,1
가담리,46,
가담리,47,4
가담리,49,2
가담리,50,
가담리,51,
가담리,52,1
가담리,52,2
가담리,52,3
가담리,52,4
가담리,52,6
가담리,52,7
가담리,52,8
가담리,53,1
가담리,55,1
가담리,55,2
가담리,56,3
가담리,58,3
가담리,59,
가담리,61,1
가담리,61,3
가담리,62,2
가담리,64,
가담리,65,1
가담리,66,
가담리,68,2
가담리,68,4
가담리,71,2
가담리,72,1
가담리,72,2
가담리,72,5
가담리,74,1
가담리,75,1
가담리,76,1
가담리,81,1
가담리,81,2
가담리,81,3
가담리,83,1
가담리,83,2
가담리,83,3
가담리,84,
가담리,87,2
가담리,88,2
가담리,91,2
가담리,160,3
가담리,160,4
가담리,160,6
가담리,161,4
가담리,161,7
가담리,162,3
가담리,180,
가담리,184,
가담리,185,
가담리,186,
가담리,194,
가담리,203,1
가담리,230,1
가담리,230,2
가담리,230,3
가담리,231,2
가담리,231,4
가담리,232,5
가담리,232,7
가담리,232,8
가담리,234,2
가담리,234,3
가담리,234,4
가담리,234,11
가담리,246,
가담리,246,2
가담리,259,1
가담리,283,2
가담리,339,1
가담리,343,3
가담리,345,
가담리,352,1
가담리,363,1
가담리,366,2
가담리,380,
가담리,385,
가담리,390,1
가담리,390,2
가담리,394,2
가담리,395,3
가담리,401,1
가담리,405,2
가담리,405,4
가담리,405,7
가담리,413,
가담리,415,
가담리,417,2
가담리,418,1
가담리,421,
가담리,422,
가담리,430,
가담리,431,
가담리,432,
가담리,434,
가담리,436,1
가담리,436,4
가담리,438,3
가담리,439,
가담리,445,
가담리,452,
가담리,460,3
가담리,492,4
가담리,516,2
가담리,549,7
가담리산,6,
가담리산,14,1
가담리산,25,1
가담리산,30,
추동리,3,13
추동리,3,19
추동리,3,24
추동리,3,30
추동리,3,36
추동리,3,45
추동리,3,48
추동리,3,54
추동리,3,62
추동리,3,65
추동리,3,71
추동리,3,73
추동리,3,80
추동리,3,82
추동리,3,95
추동리,3,97
추동리,3,143
추동리,12,5
추동리,13,2
추동리,15,2
추동리,16,
추동리,17,9
추동리,17,22
추동리,17,40
추동리,17,41
추동리,17,45
추동리,18,7
추동리,19,1
추동리,20,
추동리,25,
추동리,26,
추동리,27,1
추동리,28,16
추동리,30,1
추동리,34,1
추동리,35,4
추동리,36,6
추동리,38,2
추동리,40,
추동리,40,2
추동리,46,1
추동리,46,15
추동리,46,21
추동리,48,2
추동리,55,2
추동리,59,1
추동리,59,2
추동리,61,
추동리,104,
추동리,108,4
추동리,110,
추동리,112,
추동리,113,
추동리,281,
추동리,284,2
추동리,284,6
추동리,290,
추동리,291,2
추동리,291,3
추동리,291,5
추동리,303,
추동리,304,
추동리,306,1
추동리,306,2
추동리,324,3
추동리,325,
추동리,334,1
추동리,340,2
추동리,344,1
추동리,344,3
추동리,346,
추동리,348,
추동리,349,
추동리,351,1
추동리,352,
추동리,354,
추동리,355,2
추동리,357,1
추동리,366,
추동리,410,
추동리,412,1
추동리,414,2
추동리,418,1
추동리,427,3
추동리,444,4
추동리,491,
정암리,13,3
정암리,23,5
정암리,24,
정암리,27,2
정암리,49,
정암리,52,
정암리,52,3
정암리,62,1
정암리,64,
정암리,108,
정암리,111,1
정암리,112,
정암리,116,1
정암리,116,3
정암리,116,9
정암리,116,14
정암리,116,15
정암리,116,19
정암리,117,
정암리,119,2
정암리,123,1
정암리,149,2
정암리,155,3
정암리,156,
정암리,158,1
정암리,184,
정암리,184,3
정암리,184,5
정암리,184,6
정암리,184,8
정암리,184,9
정암리,184,10
정암리,184,12
정암리,184,16
정암리,184,19
정암리,184,20
정암리,184,27
정암리,184,28
정암리,186,1
정암리,193,5
정암리,206,
정암리,208,
정암리,210,2
정암리,211,
정암리,212,
정암리,216,
정암리,220,1
정암리,225,1
정암리,228,2
정암리,240,4
정암리,270,4
정암리,294,
정암리,296,
정암리,296,1
정암리,304,
정암리,326,3
정암리,326,7
정암리,326,14
정암리,330,
정암리,351,1
정암리,351,11
정암리,397,
정암리,403,1
정암리,404,1
정암리,412,1
정암리,416,
정암리,418,
정암리,421,3
정암리,442,1
정암리,446,2
정암리,448,5
정암리,495,2
정암리,495,4
정암리,498,3
정암리,498,13
정암리,499,
정암리,506,
정암리,507,3
정암리,508,
정암리,508,5
정암리,511,1
정암리,511,6
정암리,517,1
정암리,520,
정암리,526,
정암리,527,
정암리,528,1
정암리,528,2
정암리,529,
정암리,532,
정암리,544,2
정암리,545,
정암리,569,
정암리,571,3
정암리,571,5
정암리,583,
정암리,609,
정암리,610,
정암리,611,
정암리,612,
정암리,630,
정암리,642,
정암리,687,
정암리,688,
정암리,690,
정암리,692,
정암리,703,
정암리,712,
정암리,715,1
정암리,715,2
정암리,719,
정암리,719,1
정암리,721,
정암리,736,1
정암리,747,2
정암리,748,5
정암리,749,
정암리,765,3
정암리,771,1
정암리,771,5
정암리,771,7
정암리,771,8
정암리,772,1
정암리,775,1
정암리,776,1
정암리,778,4
정암리,795,
정암리,797,2
정암리,800,3
정암리,803,2
정암리,818,
정암리,820,1
정암리,820,3
정암리,820,4
정암리,838,5
정암리,849,
정암리,866,
정암리,874,
정암리,889,6
정암리,892,
정암리,893,
정암리,897,1
정암리,897,4
정암리,899,
정암리,906,
정암리,910,2
정암리,922,
정암리,923,1
정암리,923,6
정암리,925,1
정암리,926,1
정암리,928,2
정암리,929,1
정암리,939,2
정암리,942,1
정암리,946,1
정암리산,201,
두곡리,5,
두곡리,19,
두곡리,19,9
두곡리,29,
두곡리,29,2
두곡리,29,4
두곡리,30,
두곡리,30,2
두곡리,30,4
두곡리,30,5
두곡리,30,6
두곡리,76,2
두곡리,105,2
두곡리,117,
두곡리,133,1
두곡리,135,1
두곡리,135,17
두곡리,137,8
두곡리,142,1
두곡리,188,3
두곡리,193,2
두곡리,229,
두곡리,230,
두곡리,230,2
두곡리,230,5
두곡리,230,6
두곡리,230,8
두곡리,230,9
두곡리,230,10
두곡리,230,11
두곡리,231,
두곡리,231,4
두곡리,248,
두곡리,249,
두곡리,251,
두곡리,253,
두곡리,254,
두곡리,255,
두곡리,256,
두곡리,257,
두곡리,258,
두곡리,259,
두곡리,260,
두곡리,270,1
두곡리,270,3
두곡리,276,
두곡리,318,
두곡리,321,3
두곡리,321,5
두곡리,324,
두곡리,324,1
두곡리,324,2
두곡리,324,4
두곡리,324,5
두곡리,324,6
두곡리,324,8
두곡리,324,9
두곡리,324,10
두곡리,334,1
두곡리,338,8
두곡리,338,11
두곡리,338,12
두곡리,426,2
두곡리,428,2
두곡리,428,3
두곡리,428,4
두곡리,428,13
두곡리,430,1
두곡리,435,1
두곡리,436,
두곡리,446,2
두곡리,446,4
두곡리,446,7
두곡리,448,
두곡리,448,1
두곡리,448,2
두곡리,448,8
두곡리,451,1
두곡리,452,2
두곡리,453,
두곡리,454,
두곡리,455,
두곡리,456,1
두곡리,456,3
두곡리,459,
두곡리,461,
두곡리,463,1
두곡리,465,2
두곡리,466,
두곡리,466,1
두곡리,467,3
두곡리,469,6
두곡리,469,9
두곡리,470,19
두곡리,479,5
두곡리,479,18
두곡리,481,1
두곡리,481,2
두곡리,482,1
두곡리,483,2
두곡리,483,4
두곡리,493,
두곡리,495,
두곡리,498,2
두곡리,506,
두곡리,506,1
두곡리,536,1
두곡리,573,2
두곡리,581,
두곡리,586,17
두곡리,586,30
두곡리,590,5
두곡리,591,26
두곡리,591,29
두곡리,615,1
두곡리산,10,
용둔리,7,
용둔리,20,
용둔리,27,2
용둔리,27,3
용둔리,31,
용둔리,32,2
용둔리,35,
용둔리,35,3
용둔리,36,
용둔리,38,
용둔리,51,
용둔리,55,
용둔리,56,
용둔리,57,
용둔리,58,
용둔리,62,
용둔리,71,
용둔리,71,3
용둔리,73,1
용둔리,81,
용둔리,81,3
용둔리,84,2
용둔리,86,1
용둔리,88,4
용둔리,93,
용둔리,94,1
용둔리,101,
용둔리,109,9
용둔리,109,12
용둔리,123,
용둔리,125,
용둔리,133,
용둔리,134,3
용둔리,135,1
용둔리,149,1
용둔리,150,
용둔리,156,1
용둔리,157,
용둔리,195,
용둔리,204,
용둔리,204,6
용둔리,204,7
용둔리,205,
용둔리,206,
용둔리,206,2
용둔리,212,
용둔리,212,1
용둔리,213,
용둔리,213,1
용둔리,213,3
용둔리,213,4
용둔리,215,1
용둔리,215,3
용둔리,215,7
용둔리,217,
용둔리,225,
용둔리,225,1
용둔리,225,4
용둔리,225,5
용둔리,230,
용둔리,231,1
용둔리,264,
용둔리,301,
용둔리,307,
용둔리,315,
용둔리,336,
용둔리,342,2
용둔리,344,
용둔리,346,2
용둔리,352,
용둔리,355,2
용둔리,358,1
용둔리,363,
용둔리,401,
용둔리,402,3
용둔리,412,1
용둔리,412,5
용둔리,455,
용둔리,457,
용둔리,511,1
용둔리,513,
용둔리,515,
용둔리,523,2
용둔리,525,
용둔리,527,1
용둔리,529,2
용둔리,531,1
용둔리,531,2
용둔리,532,2
용둔리,533,
용둔리,535,2
용둔리,537,2
용둔리,556,6
용둔리,562,5
용둔리,569,3
용둔리,571,5
용둔리,577,4
용둔리,578,3
용둔리,580,1
용둔리,584,
용둔리,590,1
용둔리,590,3
용둔리,598,
용둔리,606,
용둔리,635,2
용둔리,637,2
용둔리,638,
용둔리,645,
용둔리,655,
용둔리,655,5
용둔리,665,
용둔리,668,
용둔리,672,
용둔리,677,
용둔리,679,
용둔리,699,
용둔리,699,2
용둔리,703,
용둔리,716,1
용둔리,786,12
용둔리,787,
용둔리,791,6
용둔리,795,1
용둔리,795,6
용둔리,795,7
용둔리,795,8
용둔리,795,9
용둔리,803,1
용둔리,804,
용둔리,810,1
용둔리,816,1
용둔리,819,
용둔리,819,1
용둔리,819,2
용둔리,819,3
용둔리,819,4
용둔리,820,
용둔리산,50,
산전리,1,1
산전리,2,1
산전리,2,3
산전리,4,
산전리,4,2
산전리,15,
산전리,20,1
산전리,20,4
산전리,21,1
산전리,22,4
산전리,27,3
산전리,30,4
산전리,34,
산전리,46,4
산전리,53,
산전리,73,
산전리,75,2
산전리,77,8
산전리,84,
산전리,89,4
산전리,89,5
산전리,90,
산전리,98,2
산전리,103,1
산전리,117,2
산전리,119,
산전리,120,
산전리,120,2
산전리,122,
산전리,124,
산전리,136,7
산전리,136,14
산전리,140,1
산전리,150,1
산전리,153,5
산전리,155,2
산전리,167,
산전리,168,
산전리,169,
산전리,172,14
산전리,173,5
산전리,188,1
산전리,191,1
산전리,199,1
산전리,207,
산전리,210,9
산전리,215,1
산전리,215,3
산전리,215,5
산전리,215,6
산전리,218,4
산전리,220,
산전리,239,3
산전리,243,7
산전리,243,11
산전리,262,2
산전리,268,
산전리,309,
산전리,312,1
산전리,315,1
산전리,315,3
산전리,315,5
산전리,319,1
산전리,320,2
산전리,327,1
산전리,328,3
산전리,339,
산전리,339,1
산전리,339,3
산전리,339,5
산전리,341,
산전리,343,
산전리,355,
산전리,359,7
산전리,359,15
산전리,360,2
산전리,361,5
산전리,361,6
산전리,365,
산전리,366,
산전리,366,1
산전리,384,2
산전리,398,
산전리,402,
산전리,405,1
산전리,405,5
산전리,408,2
산전리,421,1
산전리,421,5
산전리,424,2
산전리,425,
산전리,426,2
산전리,430,3
산전리,431,1
산전리,444,
산전리,444,3
산전리,445,1
산전리,456,4
산전리,490,3
산전리,498,
산전리산,61,
상하가리,16,
상하가리,19,2
상하가리,19,5
상하가리,37,1
상하가리,44,1
상하가리,44,3
상하가리,47,
상하가리,48,
상하가리,49,
상하가리,72,2
상하가리,90,4
상하가리,90,8
상하가리,123,
상하가리,128,1
상하가리,128,2
상하가리,129,1
상하가리,183,2
상하가리,184,
상하가리,223,
상하가리,224,
상하가리,228,
상하가리,229,
상하가리,230,
상하가리,241,2
상하가리,241,8
상하가리,241,9
상하가리,241,10
상하가리,241,11
상하가리,242,1
상하가리,242,2
상하가리,242,5
상하가리,256,1
상하가리,257,2
상하가리,280,3
상하가리,294,2
상하가리,304,1
상하가리,306,
상하가리,307,4
상하가리,360,15
상하가리,360,16
상하가리,360,17
상하가리,360,18
상하가리,360,19
상하가리,360,20
상하가리,360,24
상하가리,360,25
상하가리,360,26
상하가리,360,27
상하가리,390,1
상하가리,391,
상하가리,394,
상하가리,395,
상하가리,397,
상하가리,409,
상하가리,420,1
상하가리,424,
상하가리,431,2
상하가리,672,5
상하가리산,61,
정금리,23,
정금리,48,
정금리,57,
정금리,63,
정금리,68,
정금리,69,
정금리,110,
정금리,110,1
정금리,110,2
정금리,110,6
정금리,118,2
정금리,119,
정금리,119,4
정금리,119,8
정금리,119,9
정금리,119,11
정금리,119,15
정금리,119,17
정금리,119,21
정금리,119,22
정금리,119,23
정금리,119,27
정금리,119,33
정금리,119,50
정금리,121,1
정금리,125,
정금리,129,
정금리,134,
정금리,136,
정금리,138,
정금리,215,
정금리,220,
정금리,223,
정금리,225,4
정금리,245,6
정금리,249,2
정금리,249,3
정금리,253,
정금리,253,3
정금리,256,
정금리,259,
정금리,261,
정금리,282,
정금리,287,5
정금리,287,11
정금리,288,
정금리,288,3
정금리,311,2
정금리,313,
정금리,322,3
정금리,356,
정금리,358,4
정금리,369,
정금리,380,
정금리,396,3
정금리,426,
정금리,428,2
정금리,429,
정금리,444,3
정금리,465,2
정금리,485,2
정금리,490,13
정금리,494,1
정금리,494,3
정금리,495,1
정금리,500,1
정금리,500,2
정금리,505,3
정금리,506,
정금리,507,8
정금리,511,1
정금리,511,3
정금리,527,2
정금리,539,2
정금리,548,
정금리,554,
정금리,554,1
정금리,554,6
정금리,554,10
정금리,555,
정금리,555,5
정금리,567,
정금리,586,
정금리,589,
정금리,598,3
정금리,620,
정금리,630,2
정금리,635,2
정금리,637,1
정금리,638,1
정금리,639,2
정금리,644,
정금리,644,1
정금리,655,
정금리,683,1
정금리,683,2
정금리,685,
정금리,690,
정금리,690,1
정금리,745,
정금리,753,2
정금리,754,
정금리,758,1
정금리,758,5
정금리,760,2
정금리,762,
정금리,776,
정금리,779,
정금리,780,
정금리,791,
정금리,796,
정금리,800,2
정금리,834,
정금리,846,1
정금리,849,26
정금리,857,1
정금리,859,2
정금리,870,
정금리,872,
정금리,872,5
정금리,873,
정금리,879,
정금리,883,
정금리,887,
정금리,888,
정금리,889,
정금리,890,
정금리,896,2
정금리,916,2
정금리,917,
정금리,917,1
정금리,917,2
정금리,918,3
정금리,927,3
정금리,928,2
정금리,930,
정금리,933,3
정금리,935,2
정금리,936,1
정금리,940,
정금리,941,3
정금리,944,
정금리,948,1
정금리,950,2
정금리,958,
정금리,958,1
정금리,958,5
정금리,958,9
정금리,958,11
정금리,973,
정금리,978,
정금리,978,3
정금리,978,5
정금리,979,
정금리,979,1
정금리,979,3
정금리,982,1
정금리,982,6
정금리,986,1
정금리,986,6
정금리,987,1
정금리,987,6
정금리,987,7
정금리,989,
정금리,989,2
정금리,989,5
정금리,989,6
정금리,989,7
정금리,989,8
정금리,989,9
정금리,989,10
정금리,989,11
정금리,989,16
정금리,1003,
정금리,1003,1
정금리,1003,5
정금리,1003,6
정금리,1003,9
정금리,1012,
정금리,1017,1
정금리,1020,
정금리,1030,
정금리,1038,
정금리,1042,
정금리,1043,
정금리,1043,1
정금리,1043,4
정금리,1043,7
정금리,1047,
정금리,1047,2
정금리,1049,2
정금리,1089,3
정금리,1090,
정금리,1090,1
정금리,1090,6
정금리,1091,
정금리,1091,3
정금리,1091,4
정금리,1119,
정금리,1121,
정금리,1137,
정금리,1146,
정금리,1146,2
정금리,1148,
정금리,1151,
정금리,1155,
정금리,1167,1
정금리,1168,
정금리,1185,1
정금리,1198,1
정금리,1218,
정금리,1218,1
정금리,1218,3
정금리,1218,6
정금리,1218,7
정금리,1218,13
정금리,1226,
정금리,1254,
정금리,1255,2
정금리,1255,3
정금리,1258,2
정금리,1270,
정금리,1271,
정금리,1321,
정금리,1381,
정금리,1384,
정금리,1388,3
정금리,1392,
하궁리,8,
하궁리,14,
하궁리,16,
하궁리,21,2
하궁리,21,4
하궁리,21,9
하궁리,21,12
하궁리,33,
하궁리,34,
하궁리,74,
하궁리,150,3
하궁리,166,1
하궁리,166,24
하궁리,167,
하궁리,169,
하궁리,169,2
하궁리,171,
하궁리,176,
하궁리,178,
하궁리,178,2
하궁리,181,
하궁리,182,1
하궁리,186,2
하궁리,187,2
하궁리,208,
하궁리,209,
하궁리,210,8
하궁리,211,
하궁리,212,
하궁리,290,
하궁리,309,3
하궁리,309,4
하궁리,312,
하궁리,318,1
하궁리,348,1
하궁리,351,
하궁리,376,
하궁리,382,
하궁리,383,
하궁리,391,
하궁리,393,
하궁리,396,
하궁리,397,1
하궁리,397,5
하궁리,397,7
하궁리,397,9
하궁리,397,10
하궁리,397,12
하궁리,400,
하궁리,401,1
하궁리,407,3
하궁리,408,
하궁리,423,3
하궁리,424,1
하궁리,426,5
하궁리,428,2
하궁리,428,14
하궁리,428,16
하궁리,459,1
하궁리,462,
하궁리,466,
하궁리,488,2
하궁리,494,
하궁리,494,3
하궁리,516,4
하궁리,516,8
하궁리,541,
하궁리,543,
하궁리,552,
하궁리,554,
하궁리,564,
하궁리,566,
하궁리,567,
하궁리,569,
하궁리,579,
하궁리,594,
하궁리,603,
하궁리,605,4
하궁리,605,7
하궁리,605,10
하궁리,606,
하궁리,607,1
하궁리,620,
하궁리,630,
하궁리,633,
하궁리,647,
하궁리,650,
하궁리,657,3
하궁리,658,1
하궁리,689,1
하궁리,689,7
하궁리,700,
하궁리,701,
하궁리,705,
하궁리,758,
하궁리,786,
하궁리,790,
하궁리,804,
하궁리,809,
하궁리,810,1
하궁리,810,10
하궁리,810,13
하궁리,830,1
하궁리,830,6
하궁리,836,
하궁리,843,11
하궁리,843,12
하궁리,843,13
하궁리,843,16
하궁리,843,18
하궁리,846,
하궁리,866,2
하궁리,872,1
하궁리,873,1
하궁리,874,
하궁리,879,22
하궁리,883,1
하궁리,883,13
하궁리,883,18
하궁리,883,19
하궁리,883,24
하궁리,883,27
하궁리,883,30
하궁리,885,1
하궁리,889,
하궁리,890,1
하궁리,890,5
하궁리,890,6
하궁리,890,7
하궁리,890,13
하궁리,890,17
하궁리,890,20
하궁리,890,27
하궁리,890,29
하궁리,890,36
하궁리,890,37
하궁리,890,38
하궁리,890,43
하궁리,890,44
하궁리,890,46
하궁리,890,52
하궁리,934,1
하궁리,981,
하궁리,1019,4
하궁리,1025,1
하궁리,1043,1
하궁리,1047,
하궁리,1058,
하궁리,1065,1
하궁리산,56,14
하궁리산,165,8
상대리,26,
상대리,26,2
상대리,26,7
상대리,26,14
상대리,26,15
상대리,26,16
상대리,27,
상대리,28,
상대리,31,
상대리,34,1
상대리,37,
상대리,38,
상대리,38,2
상대리,39,2
상대리,45,
상대리,46,
상대리,49,
상대리,53,
상대리,54,
상대리,55,3
상대리,55,10
상대리,59,3
상대리,59,7
상대리,59,13
상대리,63,1
상대리,63,2
상대리,63,5
상대리,73,
상대리,74,
상대리,75,6
상대리,80,7
상대리,84,1
상대리,84,3
상대리,84,5
상대리,85,3
상대리,88,1
상대리,89,5
상대리,89,7
상대리,89,8
상대리,90,1
상대리,95,
상대리,95,3
상대리,95,6
상대리,95,8
상대리,98,
상대리,100,1
상대리,107,
상대리,109,
상대리,128,
상대리,129,6
상대리,135,1
상대리,142,2
상대리,143,
상대리,144,3
상대리,144,5
상대리,145,1
